{"cameraMode":{"drawMode":0,"name":"Shaded","section":"Shading Mode"},"sceneLighting":false,"audioPlay":false,"sceneViewState":{"showFog":true,"showMaterialUpdate":false,"showSkybox":false,"showFlares":true,"showImageEffects":true,"showParticleSystems":true},"in2DMode":false,"pivot":{"x":3.2157468795776369,"y":1.80525803565979,"z":-3.5202736854553224},"rotation":{"x":0.06319945305585861,"y":-0.04639533534646034,"z":0.0029424866661429407,"w":0.9969303607940674},"size":0.9673301577568054,"orthographic":false}