{"cameraMode":{"drawMode":0,"name":"Shaded","section":"Shading Mode"},"sceneLighting":false,"audioPlay":false,"sceneViewState":{"showFog":true,"showMaterialUpdate":false,"showSkybox":false,"showFlares":true,"showImageEffects":true,"showParticleSystems":true},"in2DMode":false,"pivot":{"x":1.1465002298355103,"y":2.1944994926452638,"z":-0.914794921875},"rotation":{"x":0.05078749731183052,"y":-0.00499824620783329,"z":0.00025666991132311523,"w":0.9987074732780457},"size":3.290168285369873,"orthographic":false}