{"cameraMode":{"drawMode":0,"name":"Shaded","section":"Shading Mode"},"sceneLighting":false,"audioPlay":false,"sceneViewState":{"showFog":true,"showMaterialUpdate":false,"showSkybox":false,"showFlares":true,"showImageEffects":true,"showParticleSystems":true},"in2DMode":false,"pivot":{"x":2.7452354431152345,"y":1.4252129793167115,"z":-0.6552984714508057},"rotation":{"x":0.01980847492814064,"y":0.0029948216397315265,"z":-0.00005973006773274392,"w":0.9998042583465576},"size":1.6548819541931153,"orthographic":false}