{"cameraMode":{"drawMode":0,"name":"Shaded","section":"Shading Mode"},"sceneLighting":false,"audioPlay":false,"sceneViewState":{"showFog":true,"showMaterialUpdate":false,"showSkybox":false,"showFlares":true,"showImageEffects":true,"showParticleSystems":true},"in2DMode":false,"pivot":{"x":2.44511079788208,"y":2.6870534420013429,"z":-0.581165611743927},"rotation":{"x":-0.001190178794786334,"y":0.023993292823433877,"z":0.00003055380511796102,"w":0.999726414680481},"size":2.4232559204101564,"orthographic":false}