{"cameraMode":{"drawMode":0,"name":"Shaded","section":"Shading Mode"},"sceneLighting":false,"audioPlay":false,"sceneViewState":{"showFog":true,"showMaterialUpdate":false,"showSkybox":false,"showFlares":true,"showImageEffects":true,"showParticleSystems":true},"in2DMode":false,"pivot":{"x":0.67165607213974,"y":1.9184315204620362,"z":-1.0845656394958497},"rotation":{"x":-0.06264949589967728,"y":-0.000004585840088111581,"z":-8.168960334842268e-7,"w":0.9980409741401672},"size":1.5195281505584717,"orthographic":false}